{"IcoMoonType":"selection","icons":[{"icon":{"paths":["M512 64c-141.384 0-269.376 57.32-362.032 149.978l-149.968-149.978v384h384l-143.532-143.522c69.496-69.492 165.492-112.478 271.532-112.478 212.068 0 384 171.924 384 384 0 114.696-50.292 217.636-130.018 288l84.666 96c106.302-93.816 173.352-231.076 173.352-384 0-282.77-229.23-512-512-512z"],"tags":["undo","ccw","arrow"],"defaultCode":59749,"grid":16,"attrs":[]},"attrs":[],"properties":{"ligatures":"undo, ccw","name":"undo","order":2,"id":102,"prevSize":32,"code":59749},"setIdx":0,"setId":1,"iconIdx":101},{"icon":{"paths":["M0 576c0 152.924 67.048 290.184 173.35 384l84.666-96c-79.726-70.364-130.016-173.304-130.016-288 0-212.076 171.93-384 384-384 106.042 0 202.038 42.986 271.53 112.478l-143.53 143.522h384v-384l-149.97 149.978c-92.654-92.658-220.644-149.978-362.030-149.978-282.77 0-512 229.23-512 512z"],"tags":["redo","cw","arrow"],"defaultCode":59750,"grid":16,"attrs":[]},"attrs":[],"properties":{"ligatures":"redo, cw","name":"redo","order":3,"id":103,"prevSize":32,"code":59750},"setIdx":0,"setId":1,"iconIdx":102}],"height":1024,"metadata":{"name":"icomoon"},"preferences":{"showGlyphs":true,"showQuickUse":true,"showQuickUse2":true,"showSVGs":true,"fontPref":{"prefix":"icon-","metadata":{"fontFamily":"icomoon"},"metrics":{"emSize":1024,"baseline":6.25,"whitespace":50},"embed":false},"imagePref":{"prefix":"icon-","png":true,"useClassSelector":true,"color":0,"bgColor":16777215,"classSelector":".icon"},"historySize":50,"showCodes":true,"gridSize":16}}